32,37,1631597980.887827,1631597999.3314655,13.49259066581726,4.951047897338867,18.443638563156128
32,38,1631597999.347917,1631598014.2293804,14.846529483795166,0.03493380546569824,14.881463289260864
32,39,1631598014.2416306,1631598025.3870645,11.133008241653442,0.012425661087036133,11.145433902740479
32,40,1631598025.396325,1631598036.580769,11.172763347625732,0.01168060302734375,11.184443950653076
32,41,1631598036.5896707,1631598047.7890716,11.187278270721436,0.012122631072998047,11.199400901794434
32,42,1631598047.7970986,1631598059.0209918,11.210785865783691,0.0131072998046875,11.223893165588379
32,43,1631598059.0363076,1631598070.1917214,11.143359184265137,0.012054681777954102,11.15541386604309
32,44,1631598070.199625,1631598081.45046,11.238682508468628,0.012152433395385742,11.250834941864014
32,45,1631598081.4606776,1631598097.789709,11.23415493965149,5.094876527786255,16.329031467437744
32,46,1631598097.8002346,1631598112.5951738,14.781546592712402,0.01339268684387207,14.794939279556274
32,47,1631598112.6025739,1631598123.8130875,11.198233127593994,0.012280464172363281,11.210513591766357
32,48,1631598123.8236952,1631598135.097028,11.261138677597046,0.012194156646728516,11.273332834243774
32,49,1631598135.1059718,1631598146.33635,11.217894077301025,0.012484073638916016,11.230378150939941
32,50,1631598146.3441458,1631598157.602941,11.245713949203491,0.01308131217956543,11.258795261383057
32,51,1631598157.610279,1631598168.8677154,11.245351552963257,0.012084722518920898,11.257436275482178
32,52,1631598168.875629,1631598180.1294158,11.242060422897339,0.01172637939453125,11.25378680229187
32,53,1631598180.136958,1631598196.3922346,11.210276126861572,5.0450005531311035,16.255276679992676
32,54,1631598196.4018393,1631598211.2583668,14.843753814697266,0.012773752212524414,14.85652756690979
32,55,1631598211.2665846,1631598222.4926271,11.21387791633606,0.012164592742919922,11.22604250907898
32,56,1631598222.500156,1631598233.7585647,11.24605417251587,0.012354612350463867,11.258408784866333
32,57,1631598233.774355,1631598245.3520992,11.565297842025757,0.012446403503417969,11.577744245529175
32,58,1631598245.3595634,1631598256.6156664,11.243536710739136,0.012566328048706055,11.256103038787842
32,59,1631598256.6284914,1631598267.891053,11.250781297683716,0.011780261993408203,11.262561559677124
32,60,1631598267.8993025,1631598279.5850074,11.673601627349854,0.01210331916809082,11.685704946517944
32,61,1631598279.5928366,1631598290.8537974,11.249036312103271,0.011924505233764648,11.260960817337036
32,62,1631598290.8614597,1631598307.1415336,11.177868366241455,5.102205514907837,16.280073881149292
32,63,1631598307.1499703,1631598321.9854794,14.822325706481934,0.013183355331420898,14.835509061813354
32,64,1631598321.9974253,1631598333.2275918,11.217934608459473,0.012231826782226562,11.2301664352417
32,65,1631598333.2356594,1631598344.4993694,11.251496076583862,0.012213945388793945,11.263710021972656
32,66,1631598344.506827,1631598355.8512592,11.33213496208191,0.01229715347290039,11.34443211555481
32,67,1631598355.8592198,1631598367.1164315,11.238534688949585,0.0186769962310791,11.257211685180664
32,68,1631598367.124808,1631598378.339832,11.203294515609741,0.01172947883605957,11.2150239944458
32,69,1631598378.348555,1631598389.5181143,11.157764434814453,0.011794805526733398,11.169559240341187
32,70,1631598389.5294747,1631598406.3028066,11.675522327423096,5.097809553146362,16.773331880569458
32,71,1631598406.3104885,1631598421.021521,14.698410511016846,0.01262211799621582,14.711032629013062
32,72,1631598421.0291445,1631598432.678994,11.637778759002686,0.012070655822753906,11.64984941482544
32,73,1631598432.6868012,1631598443.876259,11.174521446228027,0.014936447143554688,11.189457893371582
32,74,1631598443.8841667,1631598455.2042253,11.307090520858765,0.012968063354492188,11.320058584213257
32,75,1631598455.2178764,1631598466.4552033,11.224899768829346,0.012427091598510742,11.237326860427856
32,76,1631598466.4632418,1631598477.8611498,11.385639429092407,0.012268543243408203,11.397907972335815
32,77,1631598477.8754427,1631598489.183381,11.29618239402771,0.011755943298339844,11.30793833732605
32,78,1631598489.1932817,1631598505.6706054,11.433669805526733,5.043653964996338,16.47732377052307
32,79,1631598505.6792567,1631598520.4739044,14.78226637840271,0.012381315231323242,14.794647693634033
32,80,1631598520.4866443,1631598531.6421793,11.143935680389404,0.011599302291870117,11.155534982681274
32,81,1631598531.6505685,1631598542.8752797,11.21230697631836,0.012404203414916992,11.224711179733276
32,82,1631598542.8830562,1631598554.147224,11.252094030380249,0.012073755264282227,11.264167785644531
32,83,1631598554.1551766,1631598565.4069624,11.23928165435791,0.012504100799560547,11.25178575515747
32,84,1631598565.4146276,1631598576.655266,11.228354454040527,0.012284040451049805,11.240638494491577
32,85,1631598576.674098,1631598588.058037,11.371649026870728,0.012290000915527344,11.383939027786255
32,86,1631598588.081585,1631598599.522487,11.428735971450806,0.012166023254394531,11.4409019947052
32,87,1631598599.535546,1631598616.1844492,11.609424352645874,5.039478778839111,16.648903131484985
32,88,1631598616.1931674,1631598631.272782,15.065776586532593,0.013838052749633789,15.079614639282227
32,89,1631598631.281426,1631598642.6806245,11.386818408966064,0.012380123138427734,11.399198532104492
32,90,1631598642.6884222,1631598654.3417277,11.641032695770264,0.012272834777832031,11.653305530548096
32,91,1631598654.3542323,1631598665.77136,11.404544115066528,0.012583494186401367,11.41712760925293
32,92,1631598665.7788374,1631598677.4235246,11.631657361984253,0.013029813766479492,11.644687175750732
32,93,1631598677.430822,1631598688.8561785,11.413217544555664,0.012139081954956055,11.42535662651062
32,94,1631598688.8654265,1631598700.3017952,11.423035144805908,0.013333559036254883,11.436368703842163
32,95,1631598700.3102965,1631598716.5820692,11.233745098114014,5.03802752494812,16.271772623062134
32,96,1631598716.6011448,1631598731.4800594,14.866088151931763,0.01282644271850586,14.878914594650269
32,97,1631598731.4879782,1631598742.6780295,11.177762985229492,0.012288331985473633,11.190051317214966
32,98,1631598742.685602,1631598753.8984404,11.200515508651733,0.01232290267944336,11.212838411331177
32,99,1631598753.9065144,1631598765.1191106,11.200273275375366,0.01232290267944336,11.21259617805481
32,100,1631598765.1268904,1631598776.2978919,11.158230543136597,0.012770891189575195,11.171001434326172
32,101,1631598776.305287,1631598787.5124226,11.195229053497314,0.011906623840332031,11.207135677337646
32,102,1631598787.5259597,1631598798.6573856,11.119415283203125,0.012010574340820312,11.131425857543945
48,88,1631598870.5751176,1631598886.7990527,11.076470613479614,5.1474645137786865,16.2239351272583
48,89,1631598886.8120804,1631598899.6567912,12.811331033706665,0.03337979316711426,12.84471082687378
32,88,1631599029.95996,1631599046.0591834,11.78516173362732,4.314061641693115,16.099223375320435
32,89,1631599046.0682886,1631599061.6549308,15.545849561691284,0.04079270362854004,15.586642265319824
32,90,1631599061.6620507,1631599072.9211483,11.248579025268555,0.010518550872802734,11.259097576141357
32,91,1631599072.9340131,1631599084.5309517,11.586297035217285,0.01064157485961914,11.596938610076904
32,92,1631599084.539994,1631599095.9349718,11.384068727493286,0.010909080505371094,11.394977807998657
48,88,1631599174.2678814,1631599188.4593205,9.824717998504639,4.366721153259277,14.191439151763916
48,89,1631599188.4692967,1631599201.940297,13.452284812927246,0.018715381622314453,13.47100019454956
48,90,1631599201.947768,1631599211.1198487,9.156414985656738,0.015665769577026367,9.172080755233765
48,91,1631599211.130602,1631599220.2436652,9.097184658050537,0.015878677368164062,9.113063335418701
48,92,1631599220.2531137,1631599229.4396288,9.170245170593262,0.016269922256469727,9.186515092849731
48,93,1631599229.4487646,1631599238.5806115,9.115559577941895,0.01628732681274414,9.131846904754639
48,94,1631599238.5896344,1631599247.8313067,9.22506308555603,0.01660919189453125,9.241672277450562
48,95,1631599247.8390374,1631599257.183257,9.32738208770752,0.016837596893310547,9.34421968460083
48,96,1631599257.1944184,1631599266.3667898,9.156050682067871,0.01632070541381836,9.17237138748169
48,97,1631599266.3763921,1631599275.691405,9.298623323440552,0.01638960838317871,9.31501293182373
48,98,1631599275.7041264,1631599284.8698797,9.150028705596924,0.015724658966064453,9.165753364562988
48,99,1631599284.8828611,1631599298.7246277,9.272587537765503,4.569179058074951,13.841766595840454
48,100,1631599298.7330985,1631599312.2401106,13.489483833312988,0.017528295516967773,13.507012128829956
48,101,1631599312.247287,1631599321.3634498,9.099772453308105,0.016390323638916016,9.116162776947021
48,102,1631599321.3765965,1631599330.5472353,9.154393196105957,0.016245603561401367,9.170638799667358
48,103,1631599330.5553532,1631599339.7834387,9.211512088775635,0.016573429107666016,9.2280855178833
48,104,1631599339.7936532,1631599349.022488,9.212424755096436,0.016410112380981445,9.228834867477417
48,105,1631599349.0313423,1631599358.39693,9.34934949874878,0.01623821258544922,9.365587711334229
48,106,1631599358.4103665,1631599367.586703,9.16033411026001,0.016002416610717773,9.176336526870728
48,107,1631599367.5961132,1631599376.9132636,9.30123233795166,0.01591801643371582,9.317150354385376
48,108,1631599376.9213233,1631599386.08143,9.138989686965942,0.021116971969604492,9.160106658935547
48,109,1631599386.0956442,1631599395.2805562,9.168742179870605,0.01616978645324707,9.184911966323853
48,110,1631599395.2882452,1631599408.7969687,9.099276542663574,4.409446954727173,13.508723497390747
48,111,1631599408.8040078,1631599422.383674,13.55751371383667,0.022152423858642578,13.579666137695312
48,112,1631599422.3933363,1631599431.5912943,9.175583362579346,0.022374629974365234,9.197957992553711
48,113,1631599431.6007948,1631599440.7569187,9.139681339263916,0.016442537307739258,9.156123876571655
48,114,1631599440.7645288,1631599449.9725056,9.191691875457764,0.016284942626953125,9.207976818084717
48,115,1631599449.985401,1631599459.2196722,9.21775197982788,0.01651930809020996,9.23427128791809
48,116,1631599459.2295496,1631599468.4317389,9.186015367507935,0.016173839569091797,9.202189207077026
48,117,1631599468.4419234,1631599477.6657953,9.207413673400879,0.01645827293395996,9.223871946334839
48,118,1631599477.6745865,1631599486.8775194,9.18661880493164,0.016314029693603516,9.202932834625244
48,119,1631599486.8868988,1631599496.0713224,9.168635606765747,0.01578807830810547,9.184423685073853
48,120,1631599496.0802572,1631599505.2335093,9.137050151824951,0.01620197296142578,9.153252124786377
48,121,1631599505.2413237,1631599518.8387778,9.107311725616455,4.490142345428467,13.597454071044922
48,122,1631599518.8458288,1631599532.5498252,13.686584949493408,0.017411470413208008,13.703996419906616
48,123,1631599532.5596895,1631599541.6898167,9.113749265670776,0.016377925872802734,9.130127191543579
48,124,1631599541.703748,1631599550.890461,9.170125246047974,0.01658773422241211,9.186712980270386
48,125,1631599550.9000685,1631599560.0849724,9.168140411376953,0.01676344871520996,9.184903860092163
48,126,1631599560.1043117,1631599569.2834325,9.16243052482605,0.01669025421142578,9.179120779037476
48,127,1631599569.2909172,1631599578.506655,9.199768781661987,0.015969038009643555,9.21573781967163
48,128,1631599578.5155098,1631599587.712284,9.180583238601685,0.01619100570678711,9.196774244308472
48,129,1631599587.727182,1631599596.913728,9.170451641082764,0.016094446182250977,9.186546087265015
48,130,1631599596.9247355,1631599606.260067,9.31931471824646,0.016016721725463867,9.335331439971924
48,131,1631599606.2686474,1631599615.495291,9.21065640449524,0.015987157821655273,9.226643562316895
48,132,1631599615.5093112,1631599629.0705116,9.154942750930786,4.406257629394531,13.561200380325317
48,133,1631599629.0772936,1631599642.6655376,13.570364713668823,0.017879247665405273,13.588243961334229
48,134,1631599642.673602,1631599651.8112347,9.121117115020752,0.016515493392944336,9.137632608413696
48,135,1631599651.818754,1631599661.027273,9.19218897819519,0.01633000373840332,9.208518981933594
48,136,1631599661.0376155,1631599670.2253869,9.170880794525146,0.016890525817871094,9.187771320343018
48,137,1631599670.235393,1631599679.587706,9.335878133773804,0.016434907913208008,9.352313041687012
48,138,1631599679.597644,1631599688.8466547,9.232836723327637,0.016173839569091797,9.249010562896729
48,139,1631599688.8571043,1631599698.096497,9.223373174667358,0.016019582748413086,9.239392757415771
48,140,1631599698.1052122,1631599707.3118987,9.190478801727295,0.01620769500732422,9.20668649673462
48,141,1631599707.3221834,1631599716.5015304,9.163159847259521,0.016187191009521484,9.179347038269043
48,142,1631599716.5097795,1631599725.719789,9.19390082359314,0.01610875129699707,9.210009574890137
48,143,1631599725.7303758,1631599739.2963731,9.157894372940063,4.408102989196777,13.56599736213684
48,144,1631599739.3038104,1631599752.9660077,13.64481806755066,0.017379283905029297,13.662197351455688
64,133,1631599828.4126399,1631599842.538146,9.687699317932129,4.437806844711304,14.125506162643433
64,134,1631599842.5467188,1631599855.092567,12.513087272644043,0.0327608585357666,12.54584813117981
64,135,1631599855.100898,1631599863.4486768,8.32367467880249,0.02410411834716797,8.347778797149658
64,136,1631599863.4615717,1631599871.7416348,8.258301258087158,0.02176189422607422,8.280063152313232
64,137,1631599871.7562814,1631599880.1061234,8.327240467071533,0.022601604461669922,8.349842071533203
64,138,1631599880.1149328,1631599888.4498482,8.312435150146484,0.022480249404907227,8.334915399551392
64,139,1631599888.4622443,1631599896.83499,8.34972882270813,0.023016929626464844,8.372745752334595
64,140,1631599896.844962,1631599905.1071887,8.240099906921387,0.02212691307067871,8.262226819992065
64,141,1631599905.1227584,1631599913.4118414,8.266782760620117,0.022300243377685547,8.289083003997803
64,142,1631599913.421312,1631599921.664135,8.220785856246948,0.022037029266357422,8.242822885513306
64,143,1631599921.6745949,1631599930.0833533,8.386158227920532,0.022600173950195312,8.408758401870728
64,144,1631599930.0950599,1631599938.3296661,8.21231746673584,0.022288799285888672,8.234606266021729
64,145,1631599938.3419137,1631599951.1786795,8.392927169799805,4.443838596343994,12.836765766143799
64,146,1631599951.1848693,1631599963.7938411,12.585404872894287,0.02356696128845215,12.60897183418274
64,147,1631599963.802977,1631599972.0977976,8.271931886672974,0.022888660430908203,8.294820547103882
64,148,1631599972.106361,1631599980.4276967,8.298859119415283,0.022476673126220703,8.321335792541504
64,149,1631599980.439795,1631599988.7527473,8.290870904922485,0.022081375122070312,8.312952280044556
64,150,1631599988.7648304,1631599997.0655944,8.277796268463135,0.022967815399169922,8.300764083862305
64,151,1631599997.0803688,1631600005.3512087,8.24811601638794,0.022723913192749023,8.270839929580688
64,152,1631600005.3759844,1631600013.6662374,8.267935514450073,0.02231740951538086,8.290252923965454
64,153,1631600013.6780775,1631600022.1635249,8.462995290756226,0.022452116012573242,8.485447406768799
64,154,1631600022.1730366,1631600030.450031,8.25479006767273,0.02220439910888672,8.276994466781616
64,155,1631600030.4591637,1631600038.7124436,8.230916261672974,0.022363662719726562,8.2532799243927
64,156,1631600038.72304,1631600047.192211,8.44729471206665,0.021876096725463867,8.469170808792114
64,157,1631600047.2028103,1631600059.8271246,8.214274168014526,4.4100401401519775,12.624314308166504
64,158,1631600059.8344276,1631600072.4296203,12.571574211120605,0.023618459701538086,12.595192670822144
64,159,1631600072.4391222,1631600080.762605,8.301140785217285,0.02234196662902832,8.323482751846313
64,160,1631600080.7747138,1631600089.136906,8.33899450302124,0.023197650909423828,8.362192153930664
64,161,1631600089.1468241,1631600097.5222087,8.352291107177734,0.023093461990356445,8.37538456916809
64,162,1631600097.533754,1631600105.88682,8.330257177352905,0.02280879020690918,8.353065967559814
64,163,1631600105.899032,1631600114.2807305,8.351672887802124,0.030025482177734375,8.381698369979858
64,164,1631600114.290922,1631600122.6419287,8.32861876487732,0.022387981414794922,8.351006746292114
64,165,1631600122.6577053,1631600130.987461,8.30686092376709,0.022894859313964844,8.329755783081055
64,166,1631600131.0005128,1631600139.3013794,8.278066635131836,0.022799968719482422,8.300866603851318
64,167,1631600139.3127265,1631600147.5924633,8.25687289237976,0.02286386489868164,8.279736757278442
64,168,1631600147.6060176,1631600156.0371265,8.408774614334106,0.02233433723449707,8.431108951568604
64,169,1631600156.0480459,1631600168.7978573,8.25698447227478,4.49282693862915,12.74981141090393
64,170,1631600168.804538,1631600181.4300828,12.601111650466919,0.024433135986328125,12.625544786453247
64,171,1631600181.8801382,1631600190.0867152,8.184439420700073,0.02213764190673828,8.206577062606812
64,172,1631600190.099739,1631600198.390905,8.268508672714233,0.022657155990600586,8.291165828704834
64,173,1631600198.40401,1631600206.7486415,8.32221508026123,0.022416353225708008,8.344631433486938
64,174,1631600206.7594986,1631600215.215011,8.433004379272461,0.022507905960083008,8.455512285232544
64,175,1631600215.228901,1631600223.582661,8.330978631973267,0.0227813720703125,8.353760004043579
64,176,1631600223.5931928,1631600231.9764717,8.36146855354309,0.021810293197631836,8.383278846740723
64,177,1631600231.9886296,1631600240.2362542,8.225626230239868,0.02199840545654297,8.247624635696411
64,178,1631600240.2490237,1631600248.6395724,8.368114233016968,0.022434473037719727,8.390548706054688
64,179,1631600248.650686,1631600257.4096649,8.737011432647705,0.021967411041259766,8.758978843688965
64,180,1631600257.4222252,1631600265.6994622,8.254766702651978,0.02247023582458496,8.277236938476562
64,181,1631600265.7101426,1631600278.390795,8.25769329071045,4.422959089279175,12.680652379989624
64,182,1631600278.3974826,1631600291.072407,12.651175022125244,0.023749351501464844,12.674924373626709
64,183,1631600291.0834959,1631600299.84449,8.738317966461182,0.02267622947692871,8.76099419593811
64,184,1631600299.8617296,1631600308.1626883,8.27804708480835,0.022911548614501953,8.300958633422852
64,185,1631600308.1730657,1631600316.542482,8.347219228744507,0.02219700813293457,8.369416236877441
64,186,1631600316.5611057,1631600324.900759,8.317291498184204,0.02236175537109375,8.339653253555298
64,187,1631600324.9169633,1631600333.2036352,8.264117240905762,0.022554636001586914,8.286671876907349
64,188,1631600333.2128587,1631600341.9495091,8.713949203491211,0.022701263427734375,8.736650466918945
48,212,1631601575.6064413,1631601592.0923645,12.05515193939209,4.430771350860596,16.485923290252686
48,213,1631601592.1006353,1631601606.0758235,13.946362972259521,0.02882528305053711,13.975188255310059
48,214,1631601606.085542,1631601615.144781,9.038918256759644,0.020320892333984375,9.059239149093628
48,215,1631601615.1558099,1631601624.3570735,9.181647062301636,0.01961660385131836,9.201263666152954
48,216,1631601624.367229,1631601633.6004038,9.213197231292725,0.019977569580078125,9.233174800872803
48,217,1631601633.610503,1631601642.779185,9.149065494537354,0.01961660385131836,9.168682098388672
48,218,1631601642.790335,1631601651.9581196,9.149292469024658,0.01849222183227539,9.167784690856934
48,219,1631601651.970718,1631601661.2031028,9.212466716766357,0.019918203353881836,9.23238492012024
32,212,1631601811.1768646,1631601829.012713,12.949313640594482,4.886534690856934,17.835848331451416
32,213,1631601829.0199568,1631601844.2754297,15.233333826065063,0.02213907241821289,15.255472898483276
32,214,1631601844.284058,1631601855.7500474,11.455043315887451,0.010946035385131836,11.465989351272583
32,215,1631601855.757704,1631601867.1154494,11.346218585968018,0.011526823043823242,11.35774540901184
32,216,1631601867.1228666,1631601878.513749,11.379610538482666,0.01127171516418457,11.39088225364685
32,217,1631601878.5217874,1631601889.8466835,11.31342077255249,0.011475324630737305,11.324896097183228
48,212,1631601961.9411433,1631601979.917699,12.873268604278564,5.103287220001221,17.976555824279785
48,213,1631601979.9256897,1631601993.1770906,13.218302965164185,0.03309798240661621,13.2514009475708
48,214,1631601993.1838694,1631602002.40474,9.203797101974487,0.017073631286621094,9.220870733261108
48,215,1631602002.412922,1631602011.615367,9.18581223487854,0.016632795333862305,9.202445030212402
48,216,1631602011.6228168,1631602021.345849,9.70555305480957,0.01747918128967285,9.723032236099243
48,217,1631602021.353117,1631602030.6431897,9.272697687149048,0.01737499237060547,9.290072679519653
48,218,1631602030.6501496,1631602039.8856685,9.218024492263794,0.01749444007873535,9.23551893234253
48,219,1631602039.8940132,1631602049.105875,9.194584369659424,0.01727747917175293,9.211861848831177
48,220,1631602049.1136792,1631602058.3315053,9.20025372505188,0.017572402954101562,9.217826128005981
48,221,1631602058.3384595,1631602067.6014137,9.24542498588562,0.01752924919128418,9.262954235076904
48,222,1631602067.6085777,1631602076.9306076,9.304865837097168,0.017163991928100586,9.322029829025269
48,223,1631602076.938201,1631602091.1687717,9.182142972946167,5.0484278202056885,14.230570793151855
48,224,1631602091.1755455,1631602104.397227,13.202977895736694,0.018703699111938477,13.221681594848633
48,225,1631602104.404526,1631602113.6722794,9.250051975250244,0.017701387405395508,9.26775336265564
48,226,1631602113.6799119,1631602122.971083,9.273723125457764,0.017447948455810547,9.291171073913574
48,227,1631602122.9785097,1631602132.3164642,9.320440530776978,0.01751399040222168,9.3379545211792
48,228,1631602132.3243318,1631602141.6295576,9.288004159927368,0.017221689224243164,9.305225849151611
32,213,1631602218.9407392,1631602234.9043243,11.662719488143921,4.300865650177002,15.963585138320923
32,214,1631602234.9130464,1631602251.0319624,16.09193229675293,0.02698373794555664,16.118916034698486
32,215,1631602251.0440235,1631602262.429443,11.373252630233765,0.012166738510131836,11.385419368743896
32,216,1631602262.440647,1631602274.0368717,11.583988666534424,0.01223611831665039,11.596224784851074
32,217,1631602274.0453987,1631602285.6240704,11.56613564491272,0.012536048889160156,11.57867169380188
32,218,1631602285.6338158,1631602296.9744203,11.328180313110352,0.012424230575561523,11.340604543685913
32,219,1631602296.9858005,1631602308.3074732,11.309240818023682,0.012431859970092773,11.321672677993774
32,220,1631602308.3165686,1631602319.6428697,11.313644170761108,0.012656927108764648,11.326301097869873
32,221,1631602319.6515653,1631602330.9476268,11.283272504806519,0.012789011001586914,11.296061515808105
32,222,1631602330.9653468,1631602346.6607473,11.213221549987793,4.4821789264678955,15.695400476455688
32,223,1631602346.6730583,1631602363.0194917,16.332540273666382,0.01389312744140625,16.346433401107788
32,224,1631602363.031255,1631602374.282507,11.238739967346191,0.012511968612670898,11.251251935958862
32,225,1631602374.2919974,1631602385.6656725,11.36079478263855,0.012880325317382812,11.373675107955933
32,226,1631602385.675041,1631602397.0773246,11.389665126800537,0.012618541717529297,11.402283668518066
32,227,1631602397.088547,1631602408.4335833,11.33219838142395,0.012837886810302734,11.345036268234253
32,228,1631602408.4422288,1631602419.8103495,11.351869821548462,0.0162508487701416,11.368120670318604
32,229,1631602419.8195806,1631602431.152889,11.321094989776611,0.012213468551635742,11.333308458328247
32,230,1631602431.16554,1631602442.544708,11.367036819458008,0.012131214141845703,11.379168033599854
32,231,1631602442.5540843,1631602458.241456,11.288314819335938,4.399056911468506,15.687371730804443
32,232,1631602458.252447,1631602474.28676,16.020826816558838,0.013486385345458984,16.034313201904297
32,233,1631602474.2954443,1631602485.601003,11.292958736419678,0.012599945068359375,11.305558681488037
32,234,1631602485.6135218,1631602497.0086472,11.38248610496521,0.012639284133911133,11.395125389099121
32,235,1631602497.0210202,1631602508.403413,11.369594097137451,0.012798786163330078,11.382392883300781
32,236,1631602508.4160483,1631602519.7966096,11.368117094039917,0.012444257736206055,11.380561351776123
32,237,1631602519.8090918,1631602531.1596615,11.338077545166016,0.012492179870605469,11.350569725036621
32,238,1631602531.1729221,1631602542.5213957,11.3361337184906,0.01233983039855957,11.34847354888916
32,239,1631602542.5300627,1631602553.857813,11.31518006324768,0.01257014274597168,11.327750205993652
32,240,1631602553.8689787,1631602569.6044302,11.34156847000122,4.393882989883423,15.735451459884644
32,241,1631602569.6130443,1631602585.5938008,15.967272996902466,0.013483524322509766,15.980756521224976
32,242,1631602585.605493,1631602596.898915,11.280975341796875,0.01244664192199707,11.293421983718872
32,243,1631602596.914922,1631602608.3067014,11.378926038742065,0.012853384017944336,11.39177942276001
32,244,1631602608.3156028,1631602619.7223325,11.39391541481018,0.01281428337097168,11.406729698181152
32,245,1631602619.740263,1631602631.1067882,11.354032754898071,0.01249241828918457,11.366525173187256
32,246,1631602631.1201766,1631602642.4643066,11.331712484359741,0.01241755485534668,11.344130039215088
32,247,1631602642.4749048,1631602653.8272085,11.3392653465271,0.013038396835327148,11.352303743362427
32,248,1631602653.8397048,1631602665.2037456,11.351563930511475,0.012476921081542969,11.364040851593018
32,249,1631602665.215684,1631602680.8970287,11.27310299873352,4.4082417488098145,15.681344747543335
32,250,1631602680.9051735,1631602697.003415,16.084391117095947,0.01385045051574707,16.098241567611694
32,251,1631602697.015869,1631602708.3252695,11.296752452850342,0.01264810562133789,11.30940055847168
32,252,1631602708.3350658,1631602719.7037182,11.356251955032349,0.012400388717651367,11.36865234375
32,253,1631602719.715073,1631602731.0989056,11.371516704559326,0.012315750122070312,11.383832454681396
32,254,1631602731.1089764,1631602742.47315,11.35180377960205,0.012369871139526367,11.364173650741577
32,255,1631602742.4815488,1631602753.804378,11.309844255447388,0.012984991073608398,11.322829246520996
32,256,1631602753.8144162,1631602765.154164,11.327299356460571,0.012448549270629883,11.339747905731201
32,257,1631602765.1659265,1631602776.4957647,11.31763243675232,0.012205839157104492,11.329838275909424
32,258,1631602776.5055282,1631602792.1706476,11.262406587600708,4.402712821960449,15.665119409561157
32,259,1631602792.178285,1631602808.1611657,15.96868348121643,0.014197349548339844,15.98288083076477
32,260,1631602808.1707122,1631602819.4326656,11.24939513206482,0.012558221817016602,11.261953353881836
32,261,1631602819.4435828,1631602830.871721,11.415456056594849,0.012682199478149414,11.428138256072998
32,262,1631602830.8825347,1631602842.3045194,11.409515857696533,0.012468814849853516,11.421984672546387
32,263,1631602842.3229487,1631602853.8158653,11.48037600517273,0.012540578842163086,11.492916584014893
32,264,1631602853.8276424,1631602865.198739,11.358840465545654,0.012256145477294922,11.37109661102295
32,265,1631602865.2099733,1631602876.563121,11.340746402740479,0.012401342391967773,11.353147745132446
32,266,1631602876.571742,1631602888.530912,11.94675064086914,0.01241922378540039,11.959169864654541
32,267,1631602888.539948,1631602904.214111,11.259056568145752,4.415106534957886,15.674163103103638
32,268,1631602904.2214994,1631602920.2519772,16.017030954360962,0.013446807861328125,16.03047776222229
32,269,1631602920.2632384,1631602931.5353992,11.25956678390503,0.012593984603881836,11.272160768508911
32,270,1631602931.5454857,1631602942.9022768,11.344125986099243,0.012665033340454102,11.356791019439697
32,271,1631602942.9111078,1631602954.9365602,12.012889862060547,0.01256251335144043,12.025452375411987
32,272,1631602954.9460056,1631602966.4928906,11.534522294998169,0.01236271858215332,11.546885013580322
32,273,1631602966.503847,1631602977.8472073,11.331158876419067,0.012201547622680664,11.343360424041748
32,274,1631602977.8617563,1631602989.550635,11.67656946182251,0.01230931282043457,11.688878774642944
32,275,1631602989.5625222,1631603000.8827903,11.307589530944824,0.01267862319946289,11.320268154144287
32,276,1631603000.8920674,1631603016.798127,11.41476583480835,4.491293668746948,15.906059503555298
32,277,1631603016.8061001,1631603032.6338375,15.814026832580566,0.013710498809814453,15.82773733139038
32,278,1631603032.6458805,1631603043.9463441,11.287913799285889,0.012549877166748047,11.300463676452637
32,279,1631603043.9562266,1631603055.3248296,11.356059551239014,0.012543439865112305,11.368602991104126
32,280,1631603055.3365536,1631603066.748086,11.398863554000854,0.012668848037719727,11.411532402038574
32,281,1631603066.7582722,1631603078.12979,11.359282493591309,0.012235403060913086,11.371517896652222
32,282,1631603078.1398659,1631603089.5014184,11.349194049835205,0.012358427047729492,11.361552476882935
32,283,1631603089.5115197,1631603100.8590689,11.332162857055664,0.015386343002319336,11.347549200057983
32,284,1631603100.8709068,1631603112.2282095,11.345091104507446,0.01221156120300293,11.35730266571045
32,285,1631603112.2374349,1631603128.0455542,11.232340335845947,4.575778961181641,15.808119297027588
32,286,1631603128.0533376,1631603144.000434,15.933468103408813,0.013628244400024414,15.947096347808838
32,287,1631603144.0125284,1631603155.592817,11.567668676376343,0.012619972229003906,11.580288648605347
32,288,1631603155.601464,1631603167.009729,11.395950317382812,0.012314558029174805,11.408264875411987
32,289,1631603167.0279615,1631603178.371373,11.330721378326416,0.012690067291259766,11.343411445617676
32,290,1631603178.3820338,1631603189.752912,11.358611822128296,0.012266397476196289,11.370878219604492
32,291,1631603189.7669938,1631603201.3104086,11.528430223464966,0.014984607696533203,11.543414831161499
32,292,1631603201.3221352,1631603212.7264013,11.391960620880127,0.012305498123168945,11.404266119003296
32,293,1631603212.7354703,1631603224.0712447,11.323192119598389,0.01258230209350586,11.335774421691895
32,294,1631603224.081271,1631603239.7596855,11.278915166854858,4.399499416351318,15.678414583206177
32,295,1631603239.7672765,1631603256.2625027,16.481769323349,0.01345682144165039,16.49522614479065
32,296,1631603256.2743154,1631603267.5728638,11.286139249801636,0.012409210205078125,11.298548460006714
32,297,1631603267.5823307,1631603279.0008776,11.406149864196777,0.012397050857543945,11.418546915054321
64,286,1631603393.4546218,1631603408.3838036,10.505628108978271,4.423553705215454,14.929181814193726
64,287,1631603408.3940997,1631603421.1404083,12.702227115631104,0.04408144950866699,12.74630856513977
64,288,1631603421.1635969,1631603429.3272927,8.141338586807251,0.02235722541809082,8.163695812225342
64,289,1631603429.343527,1631603437.5284727,8.16216516494751,0.022780418395996094,8.184945583343506
64,290,1631603437.5418236,1631603445.7224314,8.153945446014404,0.026662349700927734,8.180607795715332
64,291,1631603445.7348857,1631603454.038664,8.280152559280396,0.023625850677490234,8.303778409957886
64,292,1631603454.050481,1631603462.2017825,8.128523349761963,0.022778034210205078,8.151301383972168
64,293,1631603462.2197568,1631603470.365063,8.1199631690979,0.025342941284179688,8.14530611038208
64,294,1631603470.390611,1631603478.5871425,8.172769546508789,0.023761987686157227,8.196531534194946
64,295,1631603478.6000817,1631603486.711338,8.088310480117798,0.022945880889892578,8.11125636100769
64,296,1631603486.722374,1631603494.8609366,8.115634441375732,0.022928237915039062,8.138562679290771
64,297,1631603494.8767562,1631603503.0180542,8.118220090866089,0.023077964782714844,8.141298055648804
64,298,1631603503.0328786,1631603511.1610465,8.105238676071167,0.02292919158935547,8.128167867660522
64,299,1631603511.173488,1631603523.7927537,8.104679107666016,4.514586687088013,12.619265794754028
64,300,1631603523.8012764,1631603536.5863655,12.760679244995117,0.024409770965576172,12.785089015960693
64,301,1631603536.6040888,1631603544.721005,8.092672109603882,0.024244070053100586,8.116916179656982
64,302,1631603544.7337933,1631603552.9185436,8.161836385726929,0.02291393280029297,8.184750318527222
64,303,1631603552.929815,1631603561.1351929,8.181694269180298,0.023683547973632812,8.20537781715393
64,304,1631603561.151716,1631603569.3718147,8.196365594863892,0.023733139038085938,8.220098733901978
64,305,1631603569.3857937,1631603577.7335439,8.324413299560547,0.02333688735961914,8.347750186920166
64,306,1631603577.750956,1631603585.9347346,8.160224914550781,0.02355360984802246,8.183778524398804
64,307,1631603585.9459023,1631603594.3710256,8.40210247039795,0.02302074432373047,8.42512321472168
64,308,1631603594.3865373,1631603602.520416,8.110681056976318,0.023197650909423828,8.133878707885742
64,309,1631603602.534065,1631603610.6453605,8.088170289993286,0.023125171661376953,8.111295461654663
64,310,1631603610.6659667,1631603618.7576265,8.068427801132202,0.023231983184814453,8.091659784317017
64,311,1631603618.7685523,1631603626.8891366,8.09757399559021,0.02301025390625,8.12058424949646
64,312,1631603626.9086099,1631603639.5052874,8.06514048576355,4.531537055969238,12.596677541732788
64,313,1631603639.51317,1631603652.430923,12.893614053726196,0.024138927459716797,12.917752981185913
64,314,1631603652.4442632,1631603660.7668679,8.299363374710083,0.023241281509399414,8.322604656219482
64,315,1631603660.779494,1631603669.006187,8.202859163284302,0.023833751678466797,8.226692914962769
64,316,1631603669.016912,1631603677.219974,8.176759958267212,0.026302099227905273,8.203062057495117
64,317,1631603677.2334387,1631603685.4711723,8.214704990386963,0.02302861213684082,8.237733602523804
64,318,1631603685.4827857,1631603693.704106,8.197972297668457,0.023348093032836914,8.221320390701294
64,319,1631603693.7207353,1631603701.8861475,8.142167568206787,0.023244619369506836,8.165412187576294
64,320,1631603701.900004,1631603710.1556337,8.232029438018799,0.023600339889526367,8.255629777908325
64,321,1631603710.1748252,1631603718.5666435,8.368803024291992,0.023015260696411133,8.391818284988403
64,322,1631603718.579299,1631603726.7157137,8.113286256790161,0.023128509521484375,8.136414766311646
64,323,1631603726.7293377,1631603734.8545387,8.102044582366943,0.023156404495239258,8.125200986862183
64,324,1631603734.8718398,1631603742.986034,8.090603590011597,0.023590564727783203,8.11419415473938
64,325,1631603742.9997222,1631603755.514102,8.075553894042969,4.438825845718384,12.514379739761353
64,326,1631603755.5258331,1631603768.5548403,13.003868341445923,0.02513885498046875,13.029007196426392
64,327,1631603768.5680275,1631603776.9398115,8.347755670547485,0.024028301239013672,8.371783971786499
64,328,1631603776.953906,1631603785.3486345,8.364689350128174,0.030039072036743164,8.394728422164917
64,329,1631603785.3611605,1631603793.517185,8.132786989212036,0.02323746681213379,8.15602445602417
64,330,1631603793.529578,1631603801.7056098,8.152427196502686,0.023604631423950195,8.176031827926636
64,331,1631603801.7166836,1631603809.8866293,8.146575689315796,0.023370027542114258,8.16994571685791
64,332,1631603809.9039679,1631603818.0502882,8.123202800750732,0.023117542266845703,8.146320343017578
64,333,1631603818.066598,1631603826.2851834,8.195708990097046,0.022876501083374023,8.21858549118042
64,334,1631603826.2981725,1631603834.6666765,8.345504760742188,0.022999286651611328,8.368504047393799
64,335,1631603834.6850524,1631603842.8416233,8.133582592010498,0.022988319396972656,8.15657091140747
64,336,1631603842.8539581,1631603851.0177493,8.140807628631592,0.022983551025390625,8.163791179656982
64,337,1631603851.0294592,1631603859.1990125,8.14662790298462,0.022925376892089844,8.169553279876709
64,338,1631603859.2127984,1631603871.7900074,8.111768960952759,4.465440034866333,12.577208995819092
64,339,1631603871.7973669,1631603884.6551774,12.833434581756592,0.02437591552734375,12.857810497283936
64,340,1631603884.6812086,1631603892.8687491,8.16338300704956,0.02415752410888672,8.187540531158447
64,341,1631603892.8826947,1631603901.0255482,8.119210720062256,0.023642778396606445,8.142853498458862
64,342,1631603901.0462594,1631603909.1456625,8.07606029510498,0.02334284782409668,8.099403142929077
64,343,1631603909.1592512,1631603917.379219,8.196235179901123,0.023732662200927734,8.21996784210205
64,344,1631603917.3948247,1631603925.6254084,8.207085609436035,0.023498058319091797,8.230583667755127
64,345,1631603925.6435797,1631603933.8286471,8.15881085395813,0.026256561279296875,8.185067415237427
64,346,1631603933.838257,1631603942.0777955,8.216942310333252,0.022596120834350586,8.239538431167603
64,347,1631603942.091381,1631603950.2119186,8.097301244735718,0.02323627471923828,8.120537519454956
64,348,1631603950.2325504,1631603958.3458893,8.089711904525757,0.023627042770385742,8.113338947296143
32,326,1631604035.4840648,1631604051.7214131,11.85855770111084,4.378790616989136,16.237348318099976
32,327,1631604051.733183,1631604067.7681315,16.00495982170105,0.029988765716552734,16.034948587417603
32,328,1631604067.7777972,1631604079.2858715,11.495900630950928,0.012173652648925781,11.508074283599854
32,329,1631604079.300944,1631604090.6120083,11.298866271972656,0.01219797134399414,11.31106424331665
32,330,1631604090.6220615,1631604101.960759,11.325671195983887,0.013026237487792969,11.33869743347168
32,331,1631604101.9719543,1631604113.2935166,11.309023380279541,0.012538909912109375,11.32156229019165
32,332,1631604113.307761,1631604124.6157446,11.295673131942749,0.012310504913330078,11.307983636856079
32,333,1631604124.6254756,1631604135.9307833,11.292819499969482,0.012488126754760742,11.305307626724243
32,334,1631604135.9399939,1631604147.2246952,11.272067308425903,0.012634038925170898,11.284701347351074
32,335,1631604147.2467115,1631604163.037874,11.220289707183838,4.570872783660889,15.791162490844727
32,336,1631604163.0456128,1631604178.8580234,15.79875922203064,0.013651371002197266,15.812410593032837
32,337,1631604178.8690615,1631604190.121871,11.240306615829468,0.012502908706665039,11.252809524536133
32,338,1631604190.1316252,1631604201.461828,11.317221641540527,0.012981176376342773,11.33020281791687
32,339,1631604201.472339,1631604212.9008007,11.415918827056885,0.012542963027954102,11.428461790084839
32,340,1631604212.9168797,1631604224.2660851,11.336461782455444,0.012743711471557617,11.349205493927002
32,341,1631604224.2746332,1631604235.818786,11.531652688980103,0.01250004768371582,11.544152736663818
32,342,1631604235.8323715,1631604247.1830075,11.3382089138031,0.012427091598510742,11.350636005401611
32,343,1631604247.1931832,1631604258.5232158,11.317346334457397,0.01268625259399414,11.330032587051392
32,344,1631604258.5356562,1631604274.2085166,11.202035188674927,4.4708251953125,15.672860383987427
32,345,1631604274.2238028,1631604290.7351756,16.497641801834106,0.013731002807617188,16.511372804641724
32,346,1631604290.7431338,1631604302.0721328,11.316249370574951,0.012749671936035156,11.328999042510986
32,347,1631604302.0833259,1631604313.4484422,11.352335691452026,0.01278066635131836,11.365116357803345
32,348,1631604313.4595904,1631604324.8306754,11.35815978050232,0.012925148010253906,11.371084928512573
32,349,1631604324.8405788,1631604336.219219,11.365920782089233,0.012719392776489258,11.378640174865723
32,350,1631604336.238257,1631604347.55274,11.29798436164856,0.016498804092407227,11.314483165740967
32,351,1631604347.5647328,1631604358.9490988,11.37194037437439,0.012425661087036133,11.384366035461426
32,352,1631604358.9629726,1631604370.292327,11.31649899482727,0.012855291366577148,11.329354286193848
32,353,1631604370.3017502,1631604385.976753,11.211520910263062,4.463481903076172,15.675002813339233
32,354,1631604385.984776,1631604401.893302,15.894381999969482,0.014143943786621094,15.908525943756104
32,355,1631604401.9081793,1631604413.7457805,11.824953556060791,0.012647628784179688,11.83760118484497
32,356,1631604413.7562792,1631604425.1106331,11.341944456100464,0.012409448623657227,11.354353904724121
32,357,1631604425.1197488,1631604436.4895198,11.356821775436401,0.012949228286743164,11.369771003723145
32,358,1631604436.5024807,1631604447.8779442,11.362591981887817,0.012871503829956055,11.375463485717773
32,359,1631604447.8867946,1631604459.201022,11.301932573318481,0.012294769287109375,11.31422734260559
32,360,1631604459.2137878,1631604470.548737,11.322489738464355,0.012459516525268555,11.334949254989624
32,361,1631604470.5644825,1631604481.9053192,11.32839059829712,0.012446165084838867,11.340836763381958
32,362,1631604481.9165516,1631604497.874301,11.486090421676636,4.471658945083618,15.957749366760254
32,363,1631604497.8822985,1631604513.7762196,15.880370855331421,0.013550281524658203,15.893921136856079
32,364,1631604513.7862175,1631604525.2616975,11.463159322738647,0.012320756912231445,11.475480079650879
32,365,1631604525.2729552,1631604536.6804779,11.394257068634033,0.013265609741210938,11.407522678375244
32,366,1631604536.6983914,1631604548.153127,11.442136526107788,0.012598991394042969,11.454735517501831
32,367,1631604548.1675916,1631604559.5407825,11.359649181365967,0.013541698455810547,11.373190879821777
32,368,1631604559.553288,1631604570.894844,11.32938814163208,0.012167930603027344,11.341556072235107
32,369,1631604570.911569,1631604582.2630603,11.339270114898682,0.012221097946166992,11.351491212844849
32,370,1631604582.2731462,1631604593.6332836,11.34753155708313,0.012605905532836914,11.360137462615967
32,371,1631604593.64255,1631604609.3427203,11.238954305648804,4.461215972900391,15.700170278549194
32,372,1631604609.3500266,1631604625.2967854,15.933151006698608,0.01360774040222168,15.94675874710083
32,373,1631604625.3058302,1631604636.6277976,11.30920934677124,0.012758016586303711,11.321967363357544
32,374,1631604636.6368284,1631604648.0456383,11.396190881729126,0.0126190185546875,11.408809900283813
32,375,1631604648.0549026,1631604659.428295,11.358545064926147,0.014847278594970703,11.373392343521118
32,376,1631604659.4367979,1631604670.8424368,11.3930184841156,0.01262044906616211,11.405638933181763
32,377,1631604670.8596616,1631604682.2011352,11.329033374786377,0.012440204620361328,11.341473579406738
32,378,1631604682.211203,1631604693.5542552,11.330688238143921,0.012363910675048828,11.34305214881897
32,379,1631604693.5627162,1631604704.8773718,11.302055597305298,0.012599945068359375,11.314655542373657
32,380,1631604704.8879848,1631604720.595359,11.231391429901123,4.475982904434204,15.707374334335327
32,381,1631604720.6037173,1631604737.8299854,17.212645053863525,0.01362299919128418,17.22626805305481
32,382,1631604737.844204,1631604749.1480515,11.290989875793457,0.012857675552368164,11.303847551345825
32,383,1631604749.1570323,1631604760.5974672,11.428041219711304,0.012393712997436523,11.44043493270874
32,384,1631604760.6058514,1631604772.5295966,11.910874843597412,0.012870311737060547,11.923745155334473
32,385,1631604772.5386307,1631604783.9133089,11.362260103225708,0.012418031692504883,11.374678134918213
32,386,1631604783.9226222,1631604795.2726386,11.337570667266846,0.012445688247680664,11.350016355514526
32,387,1631604795.282157,1631604806.7935169,11.498792886734009,0.01256704330444336,11.511359930038452
32,388,1631604806.8093593,1631604818.2365687,11.414897441864014,0.012311935424804688,11.427209377288818
32,389,1631604818.2458372,1631604833.9650803,11.229223489761353,4.4900195598602295,15.719243049621582
32,390,1631604833.9729118,1631604850.1303153,16.14372754096985,0.013675928115844727,16.157403469085693
32,391,1631604850.139365,1631604861.4167209,11.264837503433228,0.01251840591430664,11.277355909347534
32,392,1631604861.4260833,1631604872.8083174,11.369476079940796,0.012758016586303711,11.3822340965271
32,393,1631604872.8229444,1631604884.9387968,12.103123903274536,0.012728452682495117,12.115852355957031
32,394,1631604884.9492052,1631604896.6551669,11.693403720855713,0.0125579833984375,11.70596170425415
32,395,1631604896.6653304,1631604908.0389924,11.361210584640503,0.012451410293579102,11.373661994934082
32,396,1631604908.0480695,1631604919.4016936,11.340824365615845,0.012799739837646484,11.353624105453491
32,397,1631604919.4108953,1631604930.7656107,11.342129468917847,0.012585878372192383,11.354715347290039
32,398,1631604930.7756338,1631604946.5362313,11.245362758636475,4.515234708786011,15.760597467422485
32,399,1631604946.5439603,1631604962.4529057,15.895238399505615,0.01370692253112793,15.908945322036743
32,400,1631604962.4612415,1631604974.077968,11.604151010513306,0.012575387954711914,11.616726398468018
32,401,1631604974.0875278,1631604985.500163,11.400010108947754,0.01262521743774414,11.412635326385498
32,402,1631604985.5094519,1631604996.904686,11.382304430007935,0.012929677963256836,11.395234107971191
32,403,1631604996.915494,1631605008.2705314,11.342030048370361,0.013007402420043945,11.355037450790405
32,404,1631605008.2864027,1631605019.619133,11.31613278388977,0.016597509384155273,11.332730293273926
32,405,1631605019.6282425,1631605031.1699119,11.528935432434082,0.012733936309814453,11.541669368743896
32,406,1631605031.1785383,1631605043.2864833,12.095685005187988,0.012259960174560547,12.107944965362549
32,407,1631605043.295932,1631605059.0170014,11.250444889068604,4.4706244468688965,15.7210693359375
32,408,1631605059.02431,1631605074.9608054,15.922474145889282,0.014021158218383789,15.936495304107666
32,409,1631605074.9767056,1631605086.8902977,11.900552749633789,0.013039350509643555,11.913592100143433
32,410,1631605086.9004893,1631605098.439849,11.526479005813599,0.012880563735961914,11.53935956954956
48,399,1631605176.923785,1631605194.3535056,13.121546268463135,4.30817437171936,17.429720640182495
48,400,1631605194.3646302,1631605210.9389038,16.54245376586914,0.031819820404052734,16.574273586273193
48,399,1631605367.188436,1631605381.2756674,9.646012783050537,4.441218614578247,14.087231397628784
48,400,1631605381.285231,1631605395.0703175,13.753817796707153,0.03126859664916992,13.785086393356323
48,401,1631605395.0891688,1631605404.193461,9.085901975631714,0.018390178680419922,9.104292154312134
48,402,1631605404.2022808,1631605413.2363687,9.015687942504883,0.018399953842163086,9.034087896347046
48,403,1631605413.245469,1631605422.2957897,9.031776428222656,0.01854419708251953,9.050320625305176
48,404,1631605422.3059244,1631605431.35256,9.027909755706787,0.018725872039794922,9.046635627746582
48,405,1631605431.3622751,1631605440.5284452,9.14688777923584,0.01928234100341797,9.166170120239258
48,406,1631605440.537852,1631605449.624351,9.067750453948975,0.01874852180480957,9.086498975753784
48,407,1631605449.6361983,1631605458.7326403,9.07774567604065,0.018696308135986328,9.096441984176636
48,408,1631605458.7437258,1631605468.0303583,9.267409801483154,0.019222736358642578,9.286632537841797
48,409,1631605468.0389442,1631605477.2312515,9.173817873001099,0.018489360809326172,9.192307233810425
48,410,1631605477.241299,1631605490.798849,9.120503664016724,4.437046527862549,13.557550191879272
48,411,1631605490.8075492,1631605504.0982492,13.270996570587158,0.019703388214111328,13.29069995880127
48,412,1631605504.1092806,1631605513.4234054,9.295154809951782,0.018970012664794922,9.314124822616577
48,413,1631605513.4331975,1631605522.55298,9.10066270828247,0.019119739532470703,9.119782447814941
48,414,1631605522.5700922,1631605531.7065544,9.117604732513428,0.018857479095458984,9.136462211608887
48,415,1631605531.7241178,1631605540.8405678,9.09716510772705,0.019284963607788086,9.116450071334839
48,416,1631605540.8507214,1631605550.167898,9.298111915588379,0.019064664840698242,9.317176580429077
48,417,1631605550.1780028,1631605559.3379815,9.139116287231445,0.020862340927124023,9.15997862815857
48,418,1631605559.347485,1631605568.4234266,9.056755304336548,0.01918625831604004,9.075941562652588
48,419,1631605568.4398246,1631605577.6274207,9.168698072433472,0.01889801025390625,9.187596082687378
48,420,1631605577.6422114,1631605586.7422416,9.07897663116455,0.021053552627563477,9.100030183792114
48,421,1631605586.7532768,1631605600.3000367,9.122700929641724,4.42405891418457,13.546759843826294
48,422,1631605600.3083878,1631605613.799312,13.470801830291748,0.020122528076171875,13.49092435836792
48,423,1631605613.8106897,1631605623.015106,9.185303211212158,0.01911306381225586,9.204416275024414
48,424,1631605623.0320885,1631605632.1219716,9.070819854736328,0.019063234329223633,9.089883089065552
48,425,1631605632.1321163,1631605641.2648637,9.111726760864258,0.02102065086364746,9.132747411727905
48,426,1631605641.2756238,1631605650.4058604,9.111144304275513,0.019092321395874023,9.130236625671387
48,427,1631605650.4272141,1631605659.5292265,9.082845211029053,0.019167184829711914,9.102012395858765
48,428,1631605659.5387928,1631605668.680177,9.122410535812378,0.018973588943481445,9.14138412475586
48,429,1631605668.691258,1631605677.8418522,9.131962537765503,0.018631696701049805,9.150594234466553
48,430,1631605677.8560853,1631605687.032372,9.157886743545532,0.018399953842163086,9.176286697387695
48,431,1631605687.0426698,1631605696.173833,9.112244367599487,0.018918752670288086,9.131163120269775
48,432,1631605696.1865177,1631605709.71111,9.069403886795044,4.455188512802124,13.524592399597168
48,433,1631605709.7258427,1631605723.3346033,13.588613748550415,0.020146846771240234,13.608760595321655
48,434,1631605723.343565,1631605732.448387,9.085801362991333,0.019020557403564453,9.104821920394897
48,435,1631605732.4648304,1631605741.8523936,9.368408203125,0.019155025482177734,9.387563228607178
48,436,1631605741.8627028,1631605751.2150319,9.33354640007019,0.018782615661621094,9.352329015731812
48,437,1631605751.2245793,1631605760.353171,9.110149621963501,0.018442153930664062,9.128591775894165
